date,name,category,value
1950-01-01,Bangladesh ğŸ‡§ğŸ‡©,Asia,39728540
1950-01-01,Brazil ğŸ‡§ğŸ‡·,Americas,53955360
1950-01-01,China ğŸ‡¨ğŸ‡³,Asia,543979200
1950-01-01,France ğŸ‡«ğŸ‡·,Europe,41842356
1950-01-01,Germany ğŸ‡©ğŸ‡ª,Europe,70964104
1950-01-01,India ğŸ‡®ğŸ‡³,Asia,357021120
1950-01-01,Indonesia ğŸ‡®ğŸ‡©,Asia,69567624
1950-01-01,Italy ğŸ‡®ğŸ‡¹,Europe,46391944
1950-01-01,Japan ğŸ‡¯ğŸ‡µ,Asia,84353060
1950-01-01,Russia ğŸ‡·ğŸ‡º,Europe,102580110
1950-01-01,United Kingdom ğŸ‡¬ğŸ‡§,Europe,50055068
1950-01-01,United States ğŸ‡ºğŸ‡¸,Europe,148281550
1951-01-01,Bangladesh ğŸ‡§ğŸ‡©,Asia,40548596
1951-01-01,Brazil ğŸ‡§ğŸ‡·,Americas,55591060
1951-01-01,China ğŸ‡¨ğŸ‡³,Asia,553614000
1951-01-01,France ğŸ‡«ğŸ‡·,Europe,42196660
1951-01-01,Germany ğŸ‡©ğŸ‡ª,Europe,70820040
1951-01-01,India ğŸ‡®ğŸ‡³,Asia,364922370
1951-01-01,Indonesia ğŸ‡®ğŸ‡©,Asia,71019350
1951-01-01,Italy ğŸ‡®ğŸ‡¹,Europe,46750764
1951-01-01,Japan ğŸ‡¯ğŸ‡µ,Asia,85683470
1951-01-01,Russia ğŸ‡·ğŸ‡º,Europe,104151680
1951-01-01,United Kingdom ğŸ‡¬ğŸ‡§,Europe,50271908
1951-01-01,United States ğŸ‡ºğŸ‡¸,Europe,150598450
1952-01-01,Bangladesh ğŸ‡§ğŸ‡©,Asia,41426890
1952-01-01,Brazil ğŸ‡§ğŸ‡·,Americas,57283340
1952-01-01,China ğŸ‡¨ğŸ‡³,Asia,564954500
1952-01-01,France ğŸ‡«ğŸ‡·,Europe,42542396
1952-01-01,Germany ğŸ‡©ğŸ‡ª,Europe,70808376
1952-01-01,India ğŸ‡®ğŸ‡³,Asia,372997200
1952-01-01,Indonesia ğŸ‡®ğŸ‡©,Asia,72570830
1952-01-01,Italy ğŸ‡®ğŸ‡¹,Europe,47016490
1952-01-01,Japan ğŸ‡¯ğŸ‡µ,Asia,86921760
1952-01-01,Russia ğŸ‡·ğŸ‡º,Europe,105790050
1952-01-01,United Kingdom ğŸ‡¬ğŸ‡§,Europe,50484812
1952-01-01,United States ğŸ‡ºğŸ‡¸,Europe,152941730
1953-01-01,Bangladesh ğŸ‡§ğŸ‡©,Asia,42329284
1953-01-01,Brazil ğŸ‡§ğŸ‡·,Americas,59025680
1953-01-01,China ğŸ‡¨ğŸ‡³,Asia,577378700
1953-01-01,France ğŸ‡«ğŸ‡·,Europe,42883300
1953-01-01,Germany ğŸ‡©ğŸ‡ª,Europe,70879450
1953-01-01,India ğŸ‡®ğŸ‡³,Asia,381227700
1953-01-01,Indonesia ğŸ‡®ğŸ‡©,Asia,74207990
1953-01-01,Italy ğŸ‡®ğŸ‡¹,Europe,47412148
1953-01-01,Japan ğŸ‡¯ğŸ‡µ,Asia,88057140
1953-01-01,Russia ğŸ‡·ğŸ‡º,Europe,107493130
1953-01-01,United Kingdom ğŸ‡¬ğŸ‡§,Europe,50728620
1953-01-01,United States ğŸ‡ºğŸ‡¸,Europe,155451200
1954-01-01,Bangladesh ğŸ‡§ğŸ‡©,Asia,43282036
1954-01-01,Brazil ğŸ‡§ğŸ‡·,Americas,60827596
1954-01-01,China ğŸ‡¨ğŸ‡³,Asia,589936000
1954-01-01,France ğŸ‡«ğŸ‡·,Europe,43225644
1954-01-01,Germany ğŸ‡©ğŸ‡ª,Europe,71020740
1954-01-01,India ğŸ‡®ğŸ‡³,Asia,389731400
1954-01-01,Indonesia ğŸ‡®ğŸ‡©,Asia,75925330
1954-01-01,Italy ğŸ‡®ğŸ‡¹,Europe,47833770
1954-01-01,Japan ğŸ‡¯ğŸ‡µ,Asia,89093016
1954-01-01,Russia ğŸ‡·ğŸ‡º,Europe,109221070
1954-01-01,United Kingdom ğŸ‡¬ğŸ‡§,Europe,50969936
1954-01-01,United States ğŸ‡ºğŸ‡¸,Europe,158205870
1955-01-01,Bangladesh ğŸ‡§ğŸ‡©,Asia,44315550
1955-01-01,Brazil ğŸ‡§ğŸ‡·,Americas,62701036
1955-01-01,China ğŸ‡¨ğŸ‡³,Asia,603320100
1955-01-01,France ğŸ‡«ğŸ‡·,Europe,43593852
1955-01-01,Germany ğŸ‡©ğŸ‡ª,Europe,71222630
1955-01-01,India ğŸ‡®ğŸ‡³,Asia,398578000
1955-01-01,Indonesia ğŸ‡®ğŸ‡©,Asia,77741510
1955-01-01,Italy ğŸ‡®ğŸ‡¹,Europe,48130730
1955-01-01,Japan ğŸ‡¯ğŸ‡µ,Asia,90090280
1955-01-01,Russia ğŸ‡·ğŸ‡º,Europe,110971860
1955-01-01,United Kingdom ğŸ‡¬ğŸ‡§,Europe,51193270
1955-01-01,United States ğŸ‡ºğŸ‡¸,Europe,161136450
1956-01-01,Bangladesh ğŸ‡§ğŸ‡©,Asia,45407670
1956-01-01,Brazil ğŸ‡§ğŸ‡·,Americas,64644890
1956-01-01,China ğŸ‡¨ğŸ‡³,Asia,616283000
1956-01-01,France ğŸ‡«ğŸ‡·,Europe,43959224
1956-01-01,Germany ğŸ‡©ğŸ‡ª,Europe,71473270
1956-01-01,India ğŸ‡®ğŸ‡³,Asia,407656600
1956-01-01,Indonesia ğŸ‡®ğŸ‡©,Asia,79661840
1956-01-01,Italy ğŸ‡®ğŸ‡¹,Europe,48403440
1956-01-01,Japan ğŸ‡¯ğŸ‡µ,Asia,91021560
1956-01-01,Russia ğŸ‡·ğŸ‡º,Europe,112783336
1956-01-01,United Kingdom ğŸ‡¬ğŸ‡§,Europe,51421616
1956-01-01,United States ğŸ‡ºğŸ‡¸,Europe,164063410
1957-01-01,Bangladesh ğŸ‡§ğŸ‡©,Asia,46560516
1957-01-01,Brazil ğŸ‡§ğŸ‡·,Americas,66660892
1957-01-01,China ğŸ‡¨ğŸ‡³,Asia,630003000
1957-01-01,France ğŸ‡«ğŸ‡·,Europe,71771630
1957-01-01,Germany ğŸ‡©ğŸ‡ª,Europe,416935400
1957-01-01,India ğŸ‡®ğŸ‡³,Asia,81690984
1957-01-01,Indonesia ğŸ‡®ğŸ‡©,Asia,81690984
1957-01-01,Italy ğŸ‡®ğŸ‡¹,Europe,48660256
1957-01-01,Japan ğŸ‡¯ğŸ‡µ,Asia,91837660
1957-01-01,Russia ğŸ‡·ğŸ‡º,Europe,114590990
1957-01-01,United Kingdom ğŸ‡¬ğŸ‡§,Europe,51682404
1957-01-01,United States ğŸ‡ºğŸ‡¸,Europe,166949120
1958-01-01,Bangladesh ğŸ‡§ğŸ‡©,Asia,47742790
1958-01-01,Brazil ğŸ‡§ğŸ‡·,Americas,68735930
1958-01-01,China ğŸ‡¨ğŸ‡³,Asia,643791550
1958-01-01,France ğŸ‡«ğŸ‡·,Europe,44754360
1958-01-01,Germany ğŸ‡©ğŸ‡ª,Europe,72136480
1958-01-01,India ğŸ‡®ğŸ‡³,Asia,426295780
1958-01-01,Indonesia ğŸ‡®ğŸ‡©,Asia,83818760
1958-01-01,Italy ğŸ‡®ğŸ‡¹,Europe,48930470
1958-01-01,Japan ğŸ‡¯ğŸ‡µ,Asia,92671300
1958-01-01,Russia ğŸ‡·ğŸ‡º,Europe,116373656
1958-01-01,United Kingdom ğŸ‡¬ğŸ‡§,Europe,51960820
1958-01-01,United States ğŸ‡ºğŸ‡¸,Europe,170147100
1959-01-01,Bangladesh ğŸ‡§ğŸ‡©,Asia,49004964
1959-01-01,Brazil ğŸ‡§ğŸ‡·,Americas,70880824
1959-01-01,China ğŸ‡¨ğŸ‡³,Asia,45201850
1959-01-01,France ğŸ‡«ğŸ‡·,Europe,72578950
1959-01-01,Germany ğŸ‡©ğŸ‡ª,Europe,72136480
1959-01-01,India ğŸ‡®ğŸ‡³,Asia,435900350
1959-01-01,Indonesia ğŸ‡®ğŸ‡©,Asia,86047670
1959-01-01,Italy ğŸ‡®ğŸ‡¹,Europe,49224670
1959-01-01,Japan ğŸ‡¯ğŸ‡µ,Asia,93575980
1959-01-01,Russia ğŸ‡·ğŸ‡º,Europe,118076840
1959-01-01,United Kingdom ğŸ‡¬ğŸ‡§,Europe,52241650
1959-01-01,United States ğŸ‡ºğŸ‡¸,Europe,173324600
1960-01-01,Bangladesh ğŸ‡§ğŸ‡©,Asia,50396428
1960-01-01,Brazil ğŸ‡§ğŸ‡·,Americas,73092520
1960-01-01,China ğŸ‡¨ğŸ‡³,Asia,654170700
1960-01-01,France ğŸ‡«ğŸ‡·,Europe,35659572
1960-01-01,Germany ğŸ‡©ğŸ‡ª,Europe,73063700
1960-01-01,India ğŸ‡®ğŸ‡³,Asia,445954560
1960-01-01,Indonesia ğŸ‡®ğŸ‡©,Asia,88382890
1960-01-01,Italy ğŸ‡®ğŸ‡¹,Europe,49517708
1960-01-01,Japan ğŸ‡¯ğŸ‡µ,Asia,94464840
1960-01-01,Russia ğŸ‡·ğŸ‡º,Europe,119735100
1960-01-01,United Kingdom ğŸ‡¬ğŸ‡§,Europe,52543024
1960-01-01,United States ğŸ‡ºğŸ‡¸,Europe,176188580
1961-01-01,Bangladesh ğŸ‡§ğŸ‡©,Asia,51882776
1961-01-01,Brazil ğŸ‡§ğŸ‡·,Americas,75330010
1961-01-01,China ğŸ‡¨ğŸ‡³,Asia,655260350
1961-01-01,France ğŸ‡«ğŸ‡·,Europe,46143028
1961-01-01,Germany ğŸ‡©ğŸ‡ª,Europe,73604350
1961-01-01,India ğŸ‡®ğŸ‡³,Asia,456351870
1961-01-01,Indonesia ğŸ‡®ğŸ‡©,Asia,90816940
1961-01-01,Italy ğŸ‡®ğŸ‡¹,Europe,49812724
1961-01-01,Japan ğŸ‡¯ğŸ‡µ,Asia,95355464
1961-01-01,Russia ğŸ‡·ğŸ‡º,Europe,121408984
1961-01-01,United Kingdom ğŸ‡¬ğŸ‡§,Europe,52861256
1961-01-01,United States ğŸ‡ºğŸ‡¸,Europe,179087280
1962-01-01,Bangladesh ğŸ‡§ğŸ‡©,Asia,53461664
1962-01-01,Brazil ğŸ‡§ğŸ‡·,Americas,77599224
1962-01-01,China ğŸ‡¨ğŸ‡³,Asia,664614660
1962-01-01,France ğŸ‡«ğŸ‡·,Europe,46635188
1962-01-01,Germany ğŸ‡©ğŸ‡ª,Europe,74194424
1962-01-01,India ğŸ‡®ğŸ‡³,Asia,467024200
1962-01-01,Indonesia ğŸ‡®ğŸ‡©,Asia,93345496
1962-01-01,Italy ğŸ‡®ğŸ‡¹,Europe,50162244
1962-01-01,Japan ğŸ‡¯ğŸ‡µ,Asia,96267890
1962-01-01,Russia ğŸ‡·ğŸ‡º,Europe,122914610
1962-01-01,United Kingdom ğŸ‡¬ğŸ‡§,Europe,53183636
1962-01-01,United States ğŸ‡ºğŸ‡¸,Europe,181917810
1963-01-01,Bangladesh ğŸ‡§ğŸ‡©,Asia,55094120
1963-01-01,Brazil ğŸ‡§ğŸ‡·,Americas,79915560
1963-01-01,China ğŸ‡¨ğŸ‡³,Asia,683903550
1963-01-01,France ğŸ‡«ğŸ‡·,Europe,47121244
1963-01-01,Germany ğŸ‡©ğŸ‡ª,Europe,74796216
1963-01-01,India ğŸ‡®ğŸ‡³,Asia,477933630
1963-01-01,Indonesia ğŸ‡®ğŸ‡©,Asia,95962536
1963-01-01,Italy ğŸ‡®ğŸ‡¹,Europe,50555130
1963-01-01,Japan ğŸ‡¯ğŸ‡µ,Asia,97246710
1963-01-01,Russia ğŸ‡·ğŸ‡º,Europe,124227720
1963-01-01,United Kingdom ğŸ‡¬ğŸ‡§,Europe,53508520
1963-01-01,United States ğŸ‡ºğŸ‡¸,Europe,184649870
1964-01-01,Bangladesh ğŸ‡§ğŸ‡©,Asia,56774476
1964-01-01,Brazil ğŸ‡§ğŸ‡·,Americas,82262800
1964-01-01,China ğŸ‡¨ğŸ‡³,Asia,704593800
1964-01-01,France ğŸ‡«ğŸ‡·,Europe,47641948
1964-01-01,Germany ğŸ‡©ğŸ‡ª,Europe,75423250
1964-01-01,India ğŸ‡®ğŸ‡³,Asia,489059300
1964-01-01,Indonesia ğŸ‡®ğŸ‡©,Asia,98675064
1964-01-01,Italy ğŸ‡®ğŸ‡¹,Europe,50997780
1964-01-01,Japan ğŸ‡¯ğŸ‡µ,Asia,98319340
1964-01-01,Russia ğŸ‡·ğŸ‡º,Europe,125394240
1964-01-01,United Kingdom ğŸ‡¬ğŸ‡§,Europe,53861504
1964-01-01,United States ğŸ‡ºğŸ‡¸,Europe,187277380
1965-01-01,Bangladesh ğŸ‡§ğŸ‡©,Asia,58500156
1965-01-01,Brazil ğŸ‡§ğŸ‡·,Americas,84623750
1965-01-01,China ğŸ‡¨ğŸ‡³,Asia,723846340
1965-01-01,France ğŸ‡«ğŸ‡·,Europe,48168800
1965-01-01,Germany ğŸ‡©ğŸ‡ª,Europe,76037464
1965-01-01,India ğŸ‡®ğŸ‡³,Asia,500114340
1965-01-01,Indonesia ğŸ‡®ğŸ‡©,Asia,101157870
1965-01-01,Italy ğŸ‡®ğŸ‡¹,Europe,51452860
1965-01-01,Japan ğŸ‡¯ğŸ‡µ,Asia,99468750
1965-01-01,Russia ğŸ‡·ğŸ‡º,Europe,126400610
1965-01-01,United Kingdom ğŸ‡¬ğŸ‡§,Europe,54229570
1965-01-01,United States ğŸ‡ºğŸ‡¸,Europe,189703280
1966-01-01,Bangladesh ğŸ‡§ğŸ‡©,Asia,60265264
1966-01-01,Brazil ğŸ‡§ğŸ‡·,Americas,86979290
1966-01-01,China ğŸ‡¨ğŸ‡³,Asia,742948540
1966-01-01,France ğŸ‡«ğŸ‡·,Europe,48683090
1966-01-01,Germany ğŸ‡©ğŸ‡ª,Europe,76618720
1966-01-01,India ğŸ‡®ğŸ‡³,Asia,510992600
1966-01-01,Indonesia ğŸ‡®ğŸ‡©,Asia,103561100
1966-01-01,Italy ğŸ‡®ğŸ‡¹,Europe,51882570
1966-01-01,Japan ğŸ‡¯ğŸ‡µ,Asia,100466904
1966-01-01,Russia ğŸ‡·ğŸ‡º,Europe,127293950
1966-01-01,United Kingdom ğŸ‡¬ğŸ‡§,Europe,54560504
1966-01-01,United States ğŸ‡ºğŸ‡¸,Europe,191830980
1967-01-01,Bangladesh ğŸ‡§ğŸ‡©,Asia,62104490
1967-01-01,Brazil ğŸ‡§ğŸ‡·,Americas,89323290
1967-01-01,China ğŸ‡¨ğŸ‡³,Asia,761006300
1967-01-01,France ğŸ‡«ğŸ‡·,Europe,49181404
1967-01-01,Germany ğŸ‡©ğŸ‡ª,Europe,77173550
1967-01-01,India ğŸ‡®ğŸ‡³,Asia,521987070
1967-01-01,Indonesia ğŸ‡®ğŸ‡©,Asia,106260750
1967-01-01,Italy ğŸ‡®ğŸ‡¹,Europe,52294440
1967-01-01,Japan ğŸ‡¯ğŸ‡µ,Asia,101527860
1967-01-01,Russia ğŸ‡·ğŸ‡º,Europe,128111730
1967-01-01,United Kingdom ğŸ‡¬ğŸ‡§,Europe,54876360
1967-01-01,United States ğŸ‡ºğŸ‡¸,Europe,193782430
1968-01-01,Bangladesh ğŸ‡§ğŸ‡©,Asia,63995656
1968-01-01,Brazil ğŸ‡§ğŸ‡·,Americas,91659250
1968-01-01,China ğŸ‡¨ğŸ‡³,Asia,780372000
1968-01-01,France ğŸ‡«ğŸ‡·,Europe,49647270
1968-01-01,Germany ğŸ‡©ğŸ‡ª,Europe,77646130
1968-01-01,India ğŸ‡®ğŸ‡³,Asia,533431900
1968-01-01,Indonesia ğŸ‡®ğŸ‡©,Asia,109138730
1968-01-01,Italy ğŸ‡®ğŸ‡¹,Europe,52661070
1968-01-01,Japan ğŸ‡¯ğŸ‡µ,Asia,102819280
1968-01-01,Russia ğŸ‡·ğŸ‡º,Europe,128822376
1968-01-01,United Kingdom ğŸ‡¬ğŸ‡§,Europe,55169252
1968-01-01,United States ğŸ‡ºğŸ‡¸,Europe,195743420
1969-01-01,Bangladesh ğŸ‡§ğŸ‡©,Asia,65866916
1969-01-01,Brazil ğŸ‡§ğŸ‡·,Americas,94000380
1969-01-01,China ğŸ‡¨ğŸ‡³,Asia,801431000
1969-01-01,France ğŸ‡«ğŸ‡·,Europe,50087056
1969-01-01,Germany ğŸ‡©ğŸ‡ª,Europe,78012490
1969-01-01,India ğŸ‡®ğŸ‡³,Asia,545314700
1969-01-01,Indonesia ğŸ‡®ğŸ‡©,Asia,112149256
1969-01-01,Italy ğŸ‡®ğŸ‡¹,Europe,53001508
1969-01-01,Japan ğŸ‡¯ğŸ‡µ,Asia,104102070
1969-01-01,Russia ğŸ‡·ğŸ‡º,Europe,129489464
1969-01-01,United Kingdom ğŸ‡¬ğŸ‡§,Europe,55420524
1969-01-01,United States ğŸ‡ºğŸ‡¸,Europe,197859330
1970-01-01,Bangladesh ğŸ‡§ğŸ‡©,Asia,67541864
1970-01-01,Brazil ğŸ‡§ğŸ‡·,Americas,96369890
1970-01-01,China ğŸ‡¨ğŸ‡³,Asia,822534460
1970-01-01,France ğŸ‡«ğŸ‡·,Europe,50523588
1970-01-01,Germany ğŸ‡©ğŸ‡ª,Europe,78294590
1970-01-01,India ğŸ‡®ğŸ‡³,Asia,557501300
1970-01-01,Indonesia ğŸ‡®ğŸ‡©,Asia,115228390
1970-01-01,Italy ğŸ‡®ğŸ‡¹,Europe,53324036
1970-01-01,Japan ğŸ‡¯ğŸ‡µ,Asia,105416840
1970-01-01,Russia ğŸ‡·ğŸ‡º,Europe,130093010
1970-01-01,United Kingdom ğŸ‡¬ğŸ‡§,Europe,55650160
1970-01-01,United States ğŸ‡ºğŸ‡¸,Europe,200328340
1971-01-01,Bangladesh ğŸ‡§ğŸ‡©,Asia,68376210
1971-01-01,Brazil ğŸ‡§ğŸ‡·,Americas,98766290
1971-01-01,China ğŸ‡¨ğŸ‡³,Asia,843285440
1971-01-01,France ğŸ‡«ğŸ‡·,Europe,50970696
1971-01-01,Germany ğŸ‡©ğŸ‡ª,Europe,78511410
1971-01-01,India ğŸ‡®ğŸ‡³,Asia,569999170
1971-01-01,Indonesia ğŸ‡®ğŸ‡©,Asia,118347140
1971-01-01,Italy ğŸ‡®ğŸ‡¹,Europe,53636100
1971-01-01,Japan ğŸ‡¯ğŸ‡µ,Asia,106789360
1971-01-01,Russia ğŸ‡·ğŸ‡º,Europe,130719656
1971-01-01,United Kingdom ğŸ‡¬ğŸ‡§,Europe,55875904
1971-01-01,United States ğŸ‡ºğŸ‡¸,Europe,202907920
1972-01-01,Bangladesh ğŸ‡§ğŸ‡©,Asia,69346710
1972-01-01,Brazil ğŸ‡§ğŸ‡·,Americas,101194390
1972-01-01,China ğŸ‡¨ğŸ‡³,Asia,862840400
1972-01-01,France ğŸ‡«ğŸ‡·,Europe,51410364
1972-01-01,Germany ğŸ‡©ğŸ‡ª,Europe,78643560
1972-01-01,India ğŸ‡®ğŸ‡³,Asia,582837950
1972-01-01,Indonesia ğŸ‡®ğŸ‡©,Asia,121504136
1972-01-01,Italy ğŸ‡®ğŸ‡¹,Europe,53995428
1972-01-01,Japan ğŸ‡¯ğŸ‡µ,Asia,108220400
1972-01-01,Russia ğŸ‡·ğŸ‡º,Europe,131456440
1972-01-01,United Kingdom ğŸ‡¬ğŸ‡§,Europe,56057324
1972-01-01,United States ğŸ‡ºğŸ‡¸,Europe,205238380
1973-01-01,Bangladesh ğŸ‡§ğŸ‡©,Asia,71144820
1973-01-01,Brazil ğŸ‡§ğŸ‡·,Americas,103666904
1973-01-01,China ğŸ‡¨ğŸ‡³,Asia,881652100
1973-01-01,France ğŸ‡«ğŸ‡·,Europe,51814076
1973-01-01,Germany ğŸ‡©ğŸ‡ª,Europe,78667470
1973-01-01,India ğŸ‡®ğŸ‡³,Asia,596107460
1973-01-01,Indonesia ğŸ‡®ğŸ‡©,Asia,124709060
1973-01-01,Italy ğŸ‡®ğŸ‡¹,Europe,54379588
1973-01-01,Japan ğŸ‡¯ğŸ‡µ,Asia,109679470
1973-01-01,Russia ğŸ‡·ğŸ‡º,Europe,132191630
1973-01-01,United Kingdom ğŸ‡¬ğŸ‡§,Europe,56166630
1973-01-01,United States ğŸ‡ºğŸ‡¸,Europe,207314770
1974-01-01,Bangladesh ğŸ‡§ğŸ‡©,Asia,72947810
1974-01-01,Brazil ğŸ‡§ğŸ‡·,Americas,106167380
1974-01-01,China ğŸ‡¨ğŸ‡³,Asia,899367700
1974-01-01,France ğŸ‡«ğŸ‡·,Europe,52163550
1974-01-01,Germany ğŸ‡©ğŸ‡ª,Europe,78620536
1974-01-01,India ğŸ‡®ğŸ‡³,Asia,609721900
1974-01-01,Indonesia ğŸ‡®ğŸ‡©,Asia,127945190
1974-01-01,Italy ğŸ‡®ğŸ‡¹,Europe,54750684
1974-01-01,Japan ğŸ‡¯ğŸ‡µ,Asia,111100024
1974-01-01,Russia ğŸ‡·ğŸ‡º,Europe,132970440
1974-01-01,United Kingdom ğŸ‡¬ğŸ‡§,Europe,56233776
1974-01-01,United States ğŸ‡ºğŸ‡¸,Europe,209277970
1975-01-01,Bangladesh ğŸ‡§ğŸ‡©,Asia,74700344
1975-01-01,Brazil ğŸ‡§ğŸ‡·,Americas,108700510
1975-01-01,China ğŸ‡¨ğŸ‡³,Asia,915124700
1975-01-01,France ğŸ‡«ğŸ‡·,Europe,52450030
1975-01-01,Germany ğŸ‡©ğŸ‡ª,Europe,78513510
1975-01-01,India ğŸ‡®ğŸ‡³,Asia,623524200
1975-01-01,Indonesia ğŸ‡®ğŸ‡©,Asia,131213220
1975-01-01,Italy ğŸ‡®ğŸ‡¹,Europe,55093990
1975-01-01,Japan ğŸ‡¯ğŸ‡µ,Asia,112411640
1975-01-01,Russia ğŸ‡·ğŸ‡º,Europe,133841850
1975-01-01,United Kingdom ğŸ‡¬ğŸ‡§,Europe,56266852
1975-01-01,United States ğŸ‡ºğŸ‡¸,Europe,211274540
1976-01-01,Bangladesh ğŸ‡§ğŸ‡©,Asia,76380080
1976-01-01,Brazil ğŸ‡§ğŸ‡·,Americas,111286504
1976-01-01,China ğŸ‡¨ğŸ‡³,Asia,929375940
1976-01-01,France ğŸ‡«ğŸ‡·,Europe,52685270
1976-01-01,Germany ğŸ‡©ğŸ‡ª,Europe,78364216
1976-01-01,India ğŸ‡®ğŸ‡³,Asia,637451460
1976-01-01,Indonesia ğŸ‡®ğŸ‡©,Asia,134521020
1976-01-01,Italy ğŸ‡®ğŸ‡¹,Europe,55388904
1976-01-01,Japan ğŸ‡¯ğŸ‡µ,Asia,113624870
1976-01-01,Russia ğŸ‡·ğŸ‡º,Europe,134764460
1976-01-01,United Kingdom ğŸ‡¬ğŸ‡§,Europe,56263230
1976-01-01,United States ğŸ‡ºğŸ‡¸,Europe,213270030
1977-01-01,Bangladesh ğŸ‡§ğŸ‡©,Asia,78137790
1977-01-01,Brazil ğŸ‡§ğŸ‡·,Americas,113939890
1977-01-01,China ğŸ‡¨ğŸ‡³,Asia,942581300
1977-01-01,France ğŸ‡«ğŸ‡·,Europe,52925440
1977-01-01,Germany ğŸ‡©ğŸ‡ª,Europe,78221280
1977-01-01,India ğŸ‡®ğŸ‡³,Asia,651685600
1977-01-01,Indonesia ğŸ‡®ğŸ‡©,Asia,137861540
1977-01-01,Italy ğŸ‡®ğŸ‡¹,Europe,55649670
1977-01-01,Japan ğŸ‡¯ğŸ‡µ,Asia,114761520
1977-01-01,Russia ğŸ‡·ğŸ‡º,Europe,135712060
1977-01-01,United Kingdom ğŸ‡¬ğŸ‡§,Europe,56244844
1977-01-01,United States ğŸ‡ºğŸ‡¸,Europe,215437400
1978-01-01,Bangladesh ğŸ‡§ğŸ‡©,Asia,80007550
1978-01-01,Brazil ğŸ‡§ğŸ‡·,Americas,116664380
1978-01-01,China ğŸ‡¨ğŸ‡³,Asia,955138940
1978-01-01,France ğŸ‡«ğŸ‡·,Europe,53175308
1978-01-01,Germany ğŸ‡©ğŸ‡ª,Europe,78071550
1978-01-01,India ğŸ‡®ğŸ‡³,Asia,666267800
1978-01-01,Indonesia ğŸ‡®ğŸ‡©,Asia,141250960
1978-01-01,Italy ğŸ‡®ğŸ‡¹,Europe,55877016
1978-01-01,Japan ğŸ‡¯ğŸ‡µ,Asia,115809520
1978-01-01,Russia ğŸ‡·ğŸ‡º,Europe,136659140
1978-01-01,United Kingdom ğŸ‡¬ğŸ‡§,Europe,56240770
1978-01-01,United States ğŸ‡ºğŸ‡¸,Europe,217881440
1979-01-01,Bangladesh ğŸ‡§ğŸ‡©,Asia,81908160
1979-01-01,Brazil ğŸ‡§ğŸ‡·,Americas,119447304
1979-01-01,China ğŸ‡¨ğŸ‡³,Asia,968298940
1979-01-01,France ğŸ‡«ğŸ‡·,Europe,53428780
1979-01-01,Germany ğŸ‡©ğŸ‡ª,Europe,77915730
1979-01-01,India ğŸ‡®ğŸ‡³,Asia,681248400
1979-01-01,Indonesia ğŸ‡®ğŸ‡©,Asia,144693090
1979-01-01,Italy ğŸ‡®ğŸ‡¹,Europe,56070680
1979-01-01,Japan ğŸ‡¯ğŸ‡µ,Asia,116765510
1979-01-01,Russia ğŸ‡·ğŸ‡º,Europe,137510300
1979-01-01,United Kingdom ğŸ‡¬ğŸ‡§,Europe,56265150
1979-01-01,United States ğŸ‡ºğŸ‡¸,Europe,220463100
1980-01-01,Bangladesh ğŸ‡§ğŸ‡©,Asia,83929770
1980-01-01,Brazil ğŸ‡§ğŸ‡·,Americas,122288380
1980-01-01,China ğŸ‡¨ğŸ‡³,Asia,982372500
1980-01-01,France ğŸ‡«ğŸ‡·,Europe,53713836
1980-01-01,Germany ğŸ‡©ğŸ‡ª,Europe,77786696
1980-01-01,India ğŸ‡®ğŸ‡³,Asia,696828350
1980-01-01,Indonesia ğŸ‡®ğŸ‡©,Asia,148177100
1980-01-01,Italy ğŸ‡®ğŸ‡¹,Europe,56329480
1980-01-01,Japan ğŸ‡¯ğŸ‡µ,Asia,117624200
1980-01-01,Russia ğŸ‡·ğŸ‡º,Europe,138257420
1980-01-01,United Kingdom ğŸ‡¬ğŸ‡§,Europe,56326330
1980-01-01,United States ğŸ‡ºğŸ‡¸,Europe,223140020
1981-01-01,Bangladesh ğŸ‡§ğŸ‡©,Asia,86154830
1981-01-01,Brazil ğŸ‡§ğŸ‡·,Americas,125168060
1981-01-01,China ğŸ‡¨ğŸ‡³,Asia,997259500
1981-01-01,France ğŸ‡«ğŸ‡·,Europe,54016748
1981-01-01,Germany ğŸ‡©ğŸ‡ª,Europe,77684490
1981-01-01,India ğŸ‡®ğŸ‡³,Asia,712869300
1981-01-01,Indonesia ğŸ‡®ğŸ‡©,Asia,151686340
1981-01-01,Italy ğŸ‡®ğŸ‡¹,Europe,56532908
1981-01-01,Japan ğŸ‡¯ğŸ‡µ,Asia,118385730
1981-01-01,Russia ğŸ‡·ğŸ‡º,Europe,139002880
1981-01-01,United Kingdom ğŸ‡¬ğŸ‡§,Europe,56395850
1981-01-01,United States ğŸ‡ºğŸ‡¸,Europe,225654000
1982-01-01,Bangladesh ğŸ‡§ğŸ‡©,Asia,88555340
1982-01-01,Brazil ğŸ‡§ğŸ‡·,Americas,128065100
1982-01-01,China ğŸ‡¨ğŸ‡³,Asia,1013483200
1982-01-01,France ğŸ‡«ğŸ‡·,Europe,54319652
1982-01-01,Germany ğŸ‡©ğŸ‡ª,Europe,77610424
1982-01-01,India ğŸ‡®ğŸ‡³,Asia,729169500
1982-01-01,Indonesia ğŸ‡®ğŸ‡©,Asia,155228660
1982-01-01,Italy ğŸ‡®ğŸ‡¹,Europe,56585840
1982-01-01,Japan ğŸ‡¯ğŸ‡µ,Asia,119098140
1982-01-01,Russia ğŸ‡·ğŸ‡º,Europe,139848000
1982-01-01,United Kingdom ğŸ‡¬ğŸ‡§,Europe,56450132
1982-01-01,United States ğŸ‡ºğŸ‡¸,Europe,228001420
1983-01-01,Bangladesh ğŸ‡§ğŸ‡©,Asia,91045480
1983-01-01,Brazil ğŸ‡§ğŸ‡·,Americas,130977380
1983-01-01,China ğŸ‡¨ğŸ‡³,Asia,1029226900
1983-01-01,France ğŸ‡«ğŸ‡·,Europe,54592384
1983-01-01,Germany ğŸ‡©ğŸ‡ª,Europe,77566060
1983-01-01,India ğŸ‡®ğŸ‡³,Asia,745826560
1983-01-01,Indonesia ğŸ‡®ğŸ‡©,Asia,158790610
1983-01-01,Italy ğŸ‡®ğŸ‡¹,Europe,56607516
1983-01-01,Japan ğŸ‡¯ğŸ‡µ,Asia,119793750
1983-01-01,Russia ğŸ‡·ğŸ‡º,Europe,140854110
1983-01-01,United Kingdom ğŸ‡¬ğŸ‡§,Europe,56501616
1983-01-01,United States ğŸ‡ºğŸ‡¸,Europe,230389970
1984-01-01,Bangladesh ğŸ‡§ğŸ‡©,Asia,93534250
1984-01-01,Brazil ğŸ‡§ğŸ‡·,Americas,133888776
1984-01-01,China ğŸ‡¨ğŸ‡³,Asia,1044172200
1984-01-01,France ğŸ‡«ğŸ‡·,Europe,54845984
1984-01-01,Germany ğŸ‡©ğŸ‡ª,Europe,77568580
1984-01-01,India ğŸ‡®ğŸ‡³,Asia,762895170
1984-01-01,Indonesia ğŸ‡®ğŸ‡©,Asia,162331970
1984-01-01,Italy ğŸ‡®ğŸ‡¹,Europe,56620236
1984-01-01,Japan ğŸ‡¯ğŸ‡µ,Asia,120470740
1984-01-01,Russia ğŸ‡·ğŸ‡º,Europe,141892540
1984-01-01,United Kingdom ğŸ‡¬ğŸ‡§,Europe,56568252
1984-01-01,United States ğŸ‡ºğŸ‡¸,Europe,232766290
1985-01-01,Bangladesh ğŸ‡§ğŸ‡©,Asia,95959100
1985-01-01,Brazil ğŸ‡§ğŸ‡·,Americas,136783180
1985-01-01,China ğŸ‡¨ğŸ‡³,Asia,1060240000
1985-01-01,France ğŸ‡«ğŸ‡·,Europe,55108104
1985-01-01,Germany ğŸ‡©ğŸ‡ª,Europe,77638810
1985-01-01,India ğŸ‡®ğŸ‡³,Asia,780242100
1985-01-01,Indonesia ğŸ‡®ğŸ‡©,Asia,165791700
1985-01-01,Italy ğŸ‡®ğŸ‡¹,Europe,56636468
1985-01-01,Japan ğŸ‡¯ğŸ‡µ,Asia,121119020
1985-01-01,Russia ğŸ‡·ğŸ‡º,Europe,142896380
1985-01-01,United Kingdom ğŸ‡¬ğŸ‡§,Europe,56643040
1985-01-01,United States ğŸ‡ºğŸ‡¸,Europe,235146180
1986-01-01,Bangladesh ğŸ‡§ğŸ‡©,Asia,98271750
1986-01-01,Brazil ğŸ‡§ğŸ‡·,Americas,139643360
1986-01-01,China ğŸ‡¨ğŸ‡³,Asia,1077770500
1986-01-01,France ğŸ‡«ğŸ‡·,Europe,55371640
1986-01-01,Germany ğŸ‡©ğŸ‡ª,Europe,77803350
1986-01-01,India ğŸ‡®ğŸ‡³,Asia,797879000
1986-01-01,Indonesia ğŸ‡®ğŸ‡©,Asia,169135280
1986-01-01,Italy ğŸ‡®ğŸ‡¹,Europe,56639056
1986-01-01,Japan ğŸ‡¯ğŸ‡µ,Asia,121710300
1986-01-01,Russia ğŸ‡·ğŸ‡º,Europe,144046480
1986-01-01,United Kingdom ğŸ‡¬ğŸ‡§,Europe,56721910
1986-01-01,United States ğŸ‡ºğŸ‡¸,Europe,237512780
1987-01-01,Bangladesh ğŸ‡§ğŸ‡©,Asia,100490260
1987-01-01,Brazil ğŸ‡§ğŸ‡·,Americas,142466270
1987-01-01,China ğŸ‡¨ğŸ‡³,Asia,1096851800
1987-01-01,France ğŸ‡«ğŸ‡·,Europe,55641536
1987-01-01,Germany ğŸ‡©ğŸ‡ª,Europe,78090900
1987-01-01,India ğŸ‡®ğŸ‡³,Asia,815716160
1987-01-01,Indonesia ğŸ‡®ğŸ‡©,Asia,172421390
1987-01-01,Italy ğŸ‡®ğŸ‡¹,Europe,56644530
1987-01-01,Japan ğŸ‡¯ğŸ‡µ,Asia,122268890
1987-01-01,Russia ğŸ‡·ğŸ‡º,Europe,145312020
1987-01-01,United Kingdom ğŸ‡¬ğŸ‡§,Europe,56826320
1987-01-01,United States ğŸ‡ºğŸ‡¸,Europe,239853170
1988-01-01,Bangladesh ğŸ‡§ğŸ‡©,Asia,102688830
1988-01-01,Brazil ğŸ‡§ğŸ‡·,Americas,145253980
1988-01-01,China ğŸ‡¨ğŸ‡³,Asia,1115889800
1988-01-01,France ğŸ‡«ğŸ‡·,Europe,55911476
1988-01-01,Germany ğŸ‡©ğŸ‡ª,Europe,78477530
1988-01-01,India ğŸ‡®ğŸ‡³,Asia,833729660
1988-01-01,Indonesia ğŸ‡®ğŸ‡©,Asia,175694640
1988-01-01,Italy ğŸ‡®ğŸ‡¹,Europe,56670880
1988-01-01,Japan ğŸ‡¯ğŸ‡µ,Asia,122798300
1988-01-01,Russia ğŸ‡·ğŸ‡º,Europe,146464380
1988-01-01,United Kingdom ğŸ‡¬ğŸ‡§,Europe,56952650
1988-01-01,United States ğŸ‡ºğŸ‡¸,Europe,242287800
1989-01-01,Bangladesh ğŸ‡§ğŸ‡©,Asia,104893670
1989-01-01,Brazil ğŸ‡§ğŸ‡·,Americas,148003420
1989-01-01,China ğŸ‡¨ğŸ‡³,Asia,1134414700
1989-01-01,France ğŸ‡«ğŸ‡·,Europe,56169944
1989-01-01,Germany ğŸ‡©ğŸ‡ª,Europe,78916440
1989-01-01,India ğŸ‡®ğŸ‡³,Asia,852012700
1989-01-01,Indonesia ğŸ‡®ğŸ‡©,Asia,178949170
1989-01-01,Italy ğŸ‡®ğŸ‡¹,Europe,56711524
1989-01-01,Japan ğŸ‡¯ğŸ‡µ,Asia,123270650
1989-01-01,Russia ğŸ‡·ğŸ‡º,Europe,147341500
1989-01-01,United Kingdom ğŸ‡¬ğŸ‡§,Europe,57076096
1989-01-01,United States ğŸ‡ºğŸ‡¸,Europe,244954100
1990-01-01,Bangladesh ğŸ‡§ğŸ‡©,Asia,107147656
1990-01-01,Brazil ğŸ‡§ğŸ‡·,Americas,150706450
1990-01-01,China ğŸ‡¨ğŸ‡³,Asia,1153704200
1990-01-01,France ğŸ‡«ğŸ‡·,Europe,56412896
1990-01-01,Germany ğŸ‡©ğŸ‡ª,Europe,79370190
1990-01-01,India ğŸ‡®ğŸ‡³,Asia,870452160
1990-01-01,Indonesia ğŸ‡®ğŸ‡©,Asia,182159890
1990-01-01,Italy ğŸ‡®ğŸ‡¹,Europe,56756560
1990-01-01,Japan ğŸ‡¯ğŸ‡µ,Asia,123686320
1990-01-01,Russia ğŸ‡·ğŸ‡º,Europe,148005700
1990-01-01,United Kingdom ğŸ‡¬ğŸ‡§,Europe,57210444
1990-01-01,United States ğŸ‡ºğŸ‡¸,Europe,248083730
1991-01-01,Bangladesh ğŸ‡§ğŸ‡©,Asia,109242830
1991-01-01,Brazil ğŸ‡§ğŸ‡·,Americas,153336450
1991-01-01,China ğŸ‡¨ğŸ‡³,Asia,1170626200
1991-01-01,France ğŸ‡«ğŸ‡·,Europe,56645216
1991-01-01,Germany ğŸ‡©ğŸ‡ª,Europe,79801980
1991-01-01,India ğŸ‡®ğŸ‡³,Asia,888941760
1991-01-01,Indonesia ğŸ‡®ğŸ‡©,Asia,185361230
1991-01-01,Italy ğŸ‡®ğŸ‡¹,Europe,56794490
1991-01-01,Japan ğŸ‡¯ğŸ‡µ,Asia,124073990
1991-01-01,Russia ğŸ‡·ğŸ‡º,Europe,148455410
1991-01-01,United Kingdom ğŸ‡¬ğŸ‡§,Europe,57359452
1991-01-01,United States ğŸ‡ºğŸ‡¸,Europe,251560200
1992-01-01,Bangladesh ğŸ‡§ğŸ‡©,Asia,111272104
1992-01-01,Brazil ğŸ‡§ğŸ‡·,Americas,155900780
1992-01-01,China ğŸ‡¨ğŸ‡³,Asia,1183813400
1992-01-01,France ğŸ‡«ğŸ‡·,Europe,56864050
1992-01-01,Germany ğŸ‡©ğŸ‡ª,Europe,80205020
1992-01-01,India ğŸ‡®ğŸ‡³,Asia,907574100
1992-01-01,Indonesia ğŸ‡®ğŸ‡©,Asia,188558420
1992-01-01,Italy ğŸ‡®ğŸ‡¹,Europe,56833184
1992-01-01,Japan ğŸ‡¯ğŸ‡µ,Asia,124444696
1992-01-01,Russia ğŸ‡·ğŸ‡º,Europe,148725600
1992-01-01,United Kingdom ğŸ‡¬ğŸ‡§,Europe,57509240
1992-01-01,United States ğŸ‡ºğŸ‡¸,Europe,255175330
1993-01-01,Bangladesh ğŸ‡§ğŸ‡©,Asia,113418760
1993-01-01,Brazil ğŸ‡§ğŸ‡·,Americas,158440860
1993-01-01,China ğŸ‡¨ğŸ‡³,Asia,1195855600
1993-01-01,France ğŸ‡«ğŸ‡·,Europe,57053730
1993-01-01,Germany ğŸ‡©ğŸ‡ª,Europe,80573496
1993-01-01,India ğŸ‡®ğŸ‡³,Asia,926351300
1993-01-01,Indonesia ğŸ‡®ğŸ‡©,Asia,191737280
1993-01-01,Italy ğŸ‡®ğŸ‡¹,Europe,56869456
1993-01-01,Japan ğŸ‡¯ğŸ‡µ,Asia,124779576
1993-01-01,Russia ğŸ‡·ğŸ‡º,Europe,148897280
1993-01-01,United Kingdom ğŸ‡¬ğŸ‡§,Europe,57647464
1993-01-01,United States ğŸ‡ºğŸ‡¸,Europe,258779760
1994-01-01,Bangladesh ğŸ‡§ğŸ‡©,Asia,115614904
1994-01-01,Brazil ğŸ‡§ğŸ‡·,Americas,160980480
1994-01-01,China ğŸ‡¨ğŸ‡³,Asia,1207286700
1994-01-01,France ğŸ‡«ğŸ‡·,Europe,57230064
1994-01-01,Germany ğŸ‡©ğŸ‡ª,Europe,80882120
1994-01-01,India ğŸ‡®ğŸ‡³,Asia,945261950
1994-01-01,Indonesia ğŸ‡®ğŸ‡©,Asia,194928540
1994-01-01,Italy ğŸ‡®ğŸ‡¹,Europe,56883820
1994-01-01,Japan ğŸ‡¯ğŸ‡µ,Asia,125119260
1994-01-01,Russia ğŸ‡·ğŸ‡º,Europe,148829120
1994-01-01,United Kingdom ğŸ‡¬ğŸ‡§,Europe,57785900
1994-01-01,United States ğŸ‡ºğŸ‡¸,Europe,262273580
1995-01-01,Bangladesh ğŸ‡§ğŸ‡©,Asia,117793336
1995-01-01,Brazil ğŸ‡§ğŸ‡·,Americas,163515330
1995-01-01,China ğŸ‡¨ğŸ‡³,Asia,1218144400
1995-01-01,France ğŸ‡«ğŸ‡·,Europe,57420356
1995-01-01,Germany ğŸ‡©ğŸ‡ª,Europe,81123260
1995-01-01,India ğŸ‡®ğŸ‡³,Asia,964279100
1995-01-01,Indonesia ğŸ‡®ğŸ‡©,Asia,198140160
1995-01-01,Italy ğŸ‡®ğŸ‡¹,Europe,56885124
1995-01-01,Japan ğŸ‡¯ğŸ‡µ,Asia,125433970
1995-01-01,Russia ğŸ‡·ğŸ‡º,Europe,148557460
1995-01-01,United Kingdom ğŸ‡¬ğŸ‡§,Europe,57930364
1995-01-01,United States ğŸ‡ºğŸ‡¸,Europe,265660560
1996-01-01,Bangladesh ğŸ‡§ğŸ‡©,Asia,119876870
1996-01-01,Brazil ğŸ‡§ğŸ‡·,Americas,166037120
1996-01-01,China ğŸ‡¨ğŸ‡³,Asia,1228298900
1996-01-01,France ğŸ‡«ğŸ‡·,Europe,57623180
1996-01-01,Germany ğŸ‡©ğŸ‡ª,Europe,81300860
1996-01-01,India ğŸ‡®ğŸ‡³,Asia,983281200
1996-01-01,Indonesia ğŸ‡®ğŸ‡©,Asia,201373800
1996-01-01,Italy ğŸ‡®ğŸ‡¹,Europe,56898972
1996-01-01,Japan ğŸ‡¯ğŸ‡µ,Asia,125726220
1996-01-01,Russia ğŸ‡·ğŸ‡º,Europe,148233400
1996-01-01,United Kingdom ğŸ‡¬ğŸ‡§,Europe,58078584
1996-01-01,United States ğŸ‡ºğŸ‡¸,Europe,268984350
1997-01-01,Bangladesh ğŸ‡§ğŸ‡©,Asia,122039230
1997-01-01,Brazil ğŸ‡§ğŸ‡·,Americas,168546700
1997-01-01,China ğŸ‡¨ğŸ‡³,Asia,1237801500
1997-01-01,France ğŸ‡«ğŸ‡·,Europe,57839364
1997-01-01,Germany ğŸ‡©ğŸ‡ª,Europe,81436100
1997-01-01,India ğŸ‡®ğŸ‡³,Asia,1002335200
1997-01-01,Indonesia ğŸ‡®ğŸ‡©,Asia,204628020
1997-01-01,Italy ğŸ‡®ğŸ‡¹,Europe,56925810
1997-01-01,Japan ğŸ‡¯ğŸ‡µ,Asia,126027980
1997-01-01,Russia ğŸ‡·ğŸ‡º,Europe,147939970
1997-01-01,United Kingdom ğŸ‡¬ğŸ‡§,Europe,58250190
1997-01-01,United States ğŸ‡ºğŸ‡¸,Europe,272395420
1998-01-01,Bangladesh ğŸ‡§ğŸ‡©,Asia,124350470
1998-01-01,Brazil ğŸ‡§ğŸ‡·,Americas,171039800
1998-01-01,China ğŸ‡¨ğŸ‡³,Asia,1246836100
1998-01-01,France ğŸ‡«ğŸ‡·,Europe,58080344
1998-01-01,Germany ğŸ‡©ğŸ‡ª,Europe,81524380
1998-01-01,India ğŸ‡®ğŸ‡³,Asia,1021434560
1998-01-01,Indonesia ğŸ‡®ğŸ‡©,Asia,207855490
1998-01-01,Italy ğŸ‡®ğŸ‡¹,Europe,56938736
1998-01-01,Japan ğŸ‡¯ğŸ‡µ,Asia,126308390
1998-01-01,Russia ğŸ‡·ğŸ‡º,Europe,147672720
1998-01-01,United Kingdom ğŸ‡¬ğŸ‡§,Europe,58438320
1998-01-01,United States ğŸ‡ºğŸ‡¸,Europe,275835000
1999-01-01,Bangladesh ğŸ‡§ğŸ‡©,Asia,126754824
1999-01-01,Brazil ğŸ‡§ğŸ‡·,Americas,173486270
1999-01-01,China ğŸ‡¨ğŸ‡³,Asia,1255433200
1999-01-01,France ğŸ‡«ğŸ‡·,Europe,58352210
1999-01-01,Germany ğŸ‡©ğŸ‡ª,Europe,81556970
1999-01-01,India ğŸ‡®ğŸ‡³,Asia,1040500030
1999-01-01,Indonesia ğŸ‡®ğŸ‡©,Asia,210996910
1999-01-01,Italy ğŸ‡®ğŸ‡¹,Europe,56938736
1999-01-01,Japan ğŸ‡¯ğŸ‡µ,Asia,126555064
1999-01-01,Russia ğŸ‡·ğŸ‡º,Europe,147336380
1999-01-01,United Kingdom ğŸ‡¬ğŸ‡§,Europe,58635204
1999-01-01,United States ğŸ‡ºğŸ‡¸,Europe,279181570
2000-01-01,Bangladesh ğŸ‡§ğŸ‡©,Asia,129193336
2000-01-01,Brazil ğŸ‡§ğŸ‡·,Americas,175873710
2000-01-01,China ğŸ‡¨ğŸ‡³,Asia,1264099100
2000-01-01,France ğŸ‡«ğŸ‡·,Europe,58665456
2000-01-01,Germany ğŸ‡©ğŸ‡ª,Europe,81551680
2000-01-01,India ğŸ‡®ğŸ‡³,Asia,1059633660
2000-01-01,Indonesia ğŸ‡®ğŸ‡©,Asia,214072420
2000-01-01,Italy ğŸ‡®ğŸ‡¹,Europe,56966400
2000-01-01,Japan ğŸ‡¯ğŸ‡µ,Asia,126803864
2000-01-01,Russia ğŸ‡·ğŸ‡º,Europe,146844850
2000-01-01,United Kingdom ğŸ‡¬ğŸ‡§,Europe,58850044
2000-01-01,United States ğŸ‡ºğŸ‡¸,Europe,282398560
2001-01-01,Bangladesh ğŸ‡§ğŸ‡©,Asia,131670490
2001-01-01,Brazil ğŸ‡§ğŸ‡·,Americas,178211890
2001-01-01,China ğŸ‡¨ğŸ‡³,Asia,1272739600
2001-01-01,France ğŸ‡«ğŸ‡·,Europe,59014776
2001-01-01,Germany ğŸ‡©ğŸ‡ª,Europe,81514570
2001-01-01,India ğŸ‡®ğŸ‡³,Asia,1078970900
2001-01-01,Indonesia ğŸ‡®ğŸ‡©,Asia,217112430
2001-01-01,Italy ğŸ‡®ğŸ‡¹,Europe,56994990
2001-01-01,Japan ğŸ‡¯ğŸ‡µ,Asia,127065736
2001-01-01,Russia ğŸ‡·ğŸ‡º,Europe,146235520
2001-01-01,United Kingdom ğŸ‡¬ğŸ‡§,Europe,59092016
2001-01-01,United States ğŸ‡ºğŸ‡¸,Europe,285470500
2002-01-01,Bangladesh ğŸ‡§ğŸ‡©,Asia,134139820
2002-01-01,Brazil ğŸ‡§ğŸ‡·,Americas,180476690
2002-01-01,China ğŸ‡¨ğŸ‡³,Asia,1280926100
2002-01-01,France ğŸ‡«ğŸ‡·,Europe,59372784
2002-01-01,Germany ğŸ‡©ğŸ‡ª,Europe,81443420
2002-01-01,India ğŸ‡®ğŸ‡³,Asia,1098313100
2002-01-01,Indonesia ğŸ‡®ğŸ‡©,Asia,220115090
2002-01-01,Italy ğŸ‡®ğŸ‡¹,Europe,57107576
2002-01-01,Japan ğŸ‡¯ğŸ‡µ,Asia,127301740
2002-01-01,Russia ğŸ‡·ğŸ‡º,Europe,145590140
2002-01-01,United Kingdom ğŸ‡¬ğŸ‡§,Europe,59355690
2002-01-01,United States ğŸ‡ºğŸ‡¸,Europe,288350240
2003-01-01,Bangladesh ğŸ‡§ğŸ‡©,Asia,136503220
2003-01-01,Brazil ğŸ‡§ğŸ‡·,Americas,182629280
2003-01-01,China ğŸ‡¨ğŸ‡³,Asia,1288873300
2003-01-01,France ğŸ‡«ğŸ‡·,Europe,59728260
2003-01-01,Germany ğŸ‡©ğŸ‡ª,Europe,81346810
2003-01-01,India ğŸ‡®ğŸ‡³,Asia,1117415200
2003-01-01,Indonesia ğŸ‡®ğŸ‡©,Asia,223080130
2003-01-01,Italy ğŸ‡®ğŸ‡¹,Europe,57425176
2003-01-01,Japan ğŸ‡¯ğŸ‡µ,Asia,127502350
2003-01-01,Russia ğŸ‡·ğŸ‡º,Europe,144946720
2003-01-01,United Kingdom ğŸ‡¬ğŸ‡§,Europe,59649800
2003-01-01,United States ğŸ‡ºğŸ‡¸,Europe,291109820
2004-01-01,Bangladesh ğŸ‡§ğŸ‡©,Asia,138789730
2004-01-01,Brazil ğŸ‡§ğŸ‡·,Americas,184722050
2004-01-01,China ğŸ‡¨ğŸ‡³,Asia,1296816800
2004-01-01,France ğŸ‡«ğŸ‡·,Europe,60108436
2004-01-01,Germany ğŸ‡©ğŸ‡ª,Europe,81266670
2004-01-01,India ğŸ‡®ğŸ‡³,Asia,1136264600
2004-01-01,Indonesia ğŸ‡®ğŸ‡©,Asia,225938600
2004-01-01,Italy ğŸ‡®ğŸ‡¹,Europe,57860664
2004-01-01,Japan ğŸ‡¯ğŸ‡µ,Asia,127671290
2004-01-01,Russia ğŸ‡·ğŸ‡º,Europe,144353650
2004-01-01,United Kingdom ğŸ‡¬ğŸ‡§,Europe,59995852
2004-01-01,United States ğŸ‡ºğŸ‡¸,Europe,293947870
2005-01-01,Bangladesh ğŸ‡§ğŸ‡©,Asia,140912590
2005-01-01,Brazil ğŸ‡§ğŸ‡·,Americas,184722050
2005-01-01,China ğŸ‡¨ğŸ‡³,Asia,1304887600
2005-01-01,France ğŸ‡«ğŸ‡·,Europe,60510080
2005-01-01,Germany ğŸ‡©ğŸ‡ª,Europe,81212170
2005-01-01,India ğŸ‡®ğŸ‡³,Asia,1154638700
2005-01-01,Indonesia ğŸ‡®ğŸ‡©,Asia,228805150
2005-01-01,Italy ğŸ‡®ğŸ‡¹,Europe,58199876
2005-01-01,Japan ğŸ‡¯ğŸ‡µ,Asia,127798376
2005-01-01,Russia ğŸ‡·ğŸ‡º,Europe,143800050
2005-01-01,United Kingdom ğŸ‡¬ğŸ‡§,Europe,60383740
2005-01-01,United States ğŸ‡ºğŸ‡¸,Europe,296842660
2006-01-01,Bangladesh ğŸ‡§ğŸ‡©,Asia,142628830
2006-01-01,Brazil ğŸ‡§ğŸ‡·,Americas,188820690
2006-01-01,China ğŸ‡¨ğŸ‡³,Asia,1313086600
2006-01-01,France ğŸ‡«ğŸ‡·,Europe,60919150
2006-01-01,Germany ğŸ‡©ğŸ‡ª,Europe,81177816
2006-01-01,India ğŸ‡®ğŸ‡³,Asia,1172373800
2006-01-01,Indonesia ğŸ‡®ğŸ‡©,Asia,231797420
2006-01-01,Italy ğŸ‡®ğŸ‡¹,Europe,58429904
2006-01-01,Japan ğŸ‡¯ğŸ‡µ,Asia,127902170
2006-01-01,Russia ğŸ‡·ğŸ‡º,Europe,143338670
2006-01-01,United Kingdom ğŸ‡¬ğŸ‡§,Europe,60803700
2006-01-01,United States ğŸ‡ºğŸ‡¸,Europe,299753100
2007-01-01,Bangladesh ğŸ‡§ğŸ‡©,Asia,144135940
2007-01-01,Brazil ğŸ‡§ğŸ‡·,Americas,190779460
2007-01-01,China ğŸ‡¨ğŸ‡³,Asia,1321513200
2007-01-01,France ğŸ‡«ğŸ‡·,Europe,61329380
2007-01-01,Germany ğŸ‡©ğŸ‡ª,Europe,81183830
2007-01-01,India ğŸ‡®ğŸ‡³,Asia,1189691800
2007-01-01,Indonesia ğŸ‡®ğŸ‡©,Asia,234858290
2007-01-01,Italy ğŸ‡®ğŸ‡¹,Europe,58778480
2007-01-01,Japan ğŸ‡¯ğŸ‡µ,Asia,128006424
2007-01-01,Russia ğŸ‡·ğŸ‡º,Europe,143117680
2007-01-01,United Kingdom ğŸ‡¬ğŸ‡§,Europe,61260680
2007-01-01,United States ğŸ‡ºğŸ‡¸,Europe,302743400
2008-01-01,Bangladesh ğŸ‡§ğŸ‡©,Asia,145421330
2008-01-01,Brazil ğŸ‡§ğŸ‡·,Americas,192672320
2008-01-01,China ğŸ‡¨ğŸ‡³,Asia,1330167200
2008-01-01,France ğŸ‡«ğŸ‡·,Europe,61721004
2008-01-01,Germany ğŸ‡©ğŸ‡ª,Europe,81217490
2008-01-01,India ğŸ‡®ğŸ‡³,Asia,1206734800
2008-01-01,Indonesia ğŸ‡®ğŸ‡©,Asia,237936540
2008-01-01,Italy ğŸ‡®ğŸ‡¹,Europe,59224228
2008-01-01,Japan ğŸ‡¯ğŸ‡µ,Asia,128077630
2008-01-01,Russia ğŸ‡·ğŸ‡º,Europe,143086540
2008-01-01,United Kingdom ğŸ‡¬ğŸ‡§,Europe,61742150
2008-01-01,United States ğŸ‡ºğŸ‡¸,Europe,305694900
2009-01-01,Bangladesh ğŸ‡§ğŸ‡©,Asia,146706820
2009-01-01,Brazil ğŸ‡§ğŸ‡·,Americas,194517550
2009-01-01,China ğŸ‡¨ğŸ‡³,Asia,1339125600
2009-01-01,France ğŸ‡«ğŸ‡·,Europe,62093300
2009-01-01,Germany ğŸ‡©ğŸ‡ª,Europe,81260620
2009-01-01,India ğŸ‡®ğŸ‡³,Asia,1223640200
2009-01-01,Indonesia ğŸ‡®ğŸ‡©,Asia,240981300
2009-01-01,Italy ğŸ‡®ğŸ‡¹,Europe,59562844
2009-01-01,Japan ğŸ‡¯ğŸ‡µ,Asia,128117040
2009-01-01,Russia ğŸ‡·ğŸ‡º,Europe,143163650
2009-01-01,United Kingdom ğŸ‡¬ğŸ‡§,Europe,62243384
2009-01-01,United States ğŸ‡ºğŸ‡¸,Europe,308512030
2010-01-01,Bangladesh ğŸ‡§ğŸ‡©,Asia,148391140
2010-01-01,Brazil ğŸ‡§ğŸ‡·,Americas,196353500
2010-01-01,China ğŸ‡¨ğŸ‡³,Asia,1348191400
2010-01-01,France ğŸ‡«ğŸ‡·,Europe,62444570
2010-01-01,Germany ğŸ‡©ğŸ‡ª,Europe,81325090
2010-01-01,India ğŸ‡®ğŸ‡³,Asia,1240613600
2010-01-01,Indonesia ğŸ‡®ğŸ‡©,Asia,244016180
2010-01-01,Italy ğŸ‡®ğŸ‡¹,Europe,59822452
2010-01-01,Japan ğŸ‡¯ğŸ‡µ,Asia,128105430
2010-01-01,Russia ğŸ‡·ğŸ‡º,Europe,143242600
2010-01-01,United Kingdom ğŸ‡¬ğŸ‡§,Europe,62760050
2010-01-01,United States ğŸ‡ºğŸ‡¸,Europe,311182850
2011-01-01,Bangladesh ğŸ‡§ğŸ‡©,Asia,150211000
2011-01-01,Brazil ğŸ‡§ğŸ‡·,Americas,198185300
2011-01-01,China ğŸ‡¨ğŸ‡³,Asia,1357095400
2011-01-01,France ğŸ‡«ğŸ‡·,Europe,62775270
2011-01-01,Germany ğŸ‡©ğŸ‡ª,Europe,81423384
2011-01-01,India ğŸ‡®ğŸ‡³,Asia,1257621200
2011-01-01,Indonesia ğŸ‡®ğŸ‡©,Asia,247099700
2011-01-01,Italy ğŸ‡®ğŸ‡¹,Europe,60025950
2011-01-01,Japan ğŸ‡¯ğŸ‡µ,Asia,128007256
2011-01-01,Russia ğŸ‡·ğŸ‡º,Europe,143364540
2011-01-01,United Kingdom ğŸ‡¬ğŸ‡§,Europe,63286360
2011-01-01,United States ğŸ‡ºğŸ‡¸,Europe,313876600
2012-01-01,Bangladesh ğŸ‡§ğŸ‡©,Asia,152090660
2012-01-01,Brazil ğŸ‡§ğŸ‡·,Americas,199977710
2012-01-01,China ğŸ‡¨ğŸ‡³,Asia,1366560800
2012-01-01,France ğŸ‡«ğŸ‡·,Europe,63071412
2012-01-01,Germany ğŸ‡©ğŸ‡ª,Europe,81545570
2012-01-01,India ğŸ‡®ğŸ‡³,Asia,1274487200
2012-01-01,Indonesia ğŸ‡®ğŸ‡©,Asia,250222690
2012-01-01,Italy ğŸ‡®ğŸ‡¹,Europe,60190150
2012-01-01,Japan ğŸ‡¯ğŸ‡µ,Asia,127853690
2012-01-01,Russia ğŸ‡·ğŸ‡º,Europe,143629360
2012-01-01,United Kingdom ğŸ‡¬ğŸ‡§,Europe,63808730
2012-01-01,United States ğŸ‡ºğŸ‡¸,Europe,316651330
2013-01-01,Bangladesh ğŸ‡§ğŸ‡©,Asia,154030140
2013-01-01,Brazil ğŸ‡§ğŸ‡·,Americas,201721780
2013-01-01,China ğŸ‡¨ğŸ‡³,Asia,1376100400
2013-01-01,France ğŸ‡«ğŸ‡·,Europe,63335180
2013-01-01,Germany ğŸ‡©ğŸ‡ª,Europe,81680590
2013-01-01,India ğŸ‡®ğŸ‡³,Asia,1291132000
2013-01-01,Indonesia ğŸ‡®ğŸ‡©,Asia,253275920
2013-01-01,Italy ğŸ‡®ğŸ‡¹,Europe,60312600
2013-01-01,Japan ğŸ‡¯ğŸ‡µ,Asia,127678920
2013-01-01,Russia ğŸ‡·ğŸ‡º,Europe,143956860
2013-01-01,United Kingdom ğŸ‡¬ğŸ‡§,Europe,64302296
2013-01-01,United States ğŸ‡ºğŸ‡¸,Europe,319375170
2014-01-01,Bangladesh ğŸ‡§ğŸ‡©,Asia,155961310
2014-01-01,Brazil ğŸ‡§ğŸ‡·,Americas,203459650
2014-01-01,China ğŸ‡¨ğŸ‡³,Asia,1385189600
2014-01-01,France ğŸ‡«ğŸ‡·,Europe,63588496
2014-01-01,Germany ğŸ‡©ğŸ‡ª,Europe,81858824
2014-01-01,India ğŸ‡®ğŸ‡³,Asia,1307246500
2014-01-01,Indonesia ğŸ‡®ğŸ‡©,Asia,256229760
2014-01-01,Italy ğŸ‡®ğŸ‡¹,Europe,60322790
2014-01-01,Japan ğŸ‡¯ğŸ‡µ,Asia,127476730
2014-01-01,Russia ğŸ‡·ğŸ‡º,Europe,144285070
2014-01-01,United Kingdom ğŸ‡¬ğŸ‡§,Europe,64773504
2014-01-01,United States ğŸ‡ºğŸ‡¸,Europe,322033950
2015-01-01,Bangladesh ğŸ‡§ğŸ‡©,Asia,157830000
2015-01-01,Brazil ğŸ‡§ğŸ‡·,Americas,205188210
2015-01-01,China ğŸ‡¨ğŸ‡³,Asia,1393715500
2015-01-01,France ğŸ‡«ğŸ‡·,Europe,63809770
2015-01-01,Germany ğŸ‡©ğŸ‡ª,Europe,82073230
2015-01-01,India ğŸ‡®ğŸ‡³,Asia,1322866600
2015-01-01,Indonesia ğŸ‡®ğŸ‡©,Asia,259091970
2015-01-01,Italy ğŸ‡®ğŸ‡¹,Europe,60232908
2015-01-01,Japan ğŸ‡¯ğŸ‡µ,Asia,127250936
2015-01-01,Russia ğŸ‡·ğŸ‡º,Europe,144668380
2015-01-01,United Kingdom ğŸ‡¬ğŸ‡§,Europe,65224370
2015-01-01,United States ğŸ‡ºğŸ‡¸,Europe,324607780
2016-01-01,Bangladesh ğŸ‡§ğŸ‡©,Asia,159784580
2016-01-01,Brazil ğŸ‡§ğŸ‡·,Americas,206859580
2016-01-01,China ğŸ‡¨ğŸ‡³,Asia,1401889700
2016-01-01,France ğŸ‡«ğŸ‡·,Europe,63989320
2016-01-01,Germany ğŸ‡©ğŸ‡ª,Europe,82331430
2016-01-01,India ğŸ‡®ğŸ‡³,Asia,1338636300
2016-01-01,Indonesia ğŸ‡®ğŸ‡©,Asia,261850180
2016-01-01,Italy ğŸ‡®ğŸ‡¹,Europe,60118628
2016-01-01,Japan ğŸ‡¯ğŸ‡µ,Asia,126993860
2016-01-01,Russia ğŸ‡·ğŸ‡º,Europe,145109150
2016-01-01,United Kingdom ğŸ‡¬ğŸ‡§,Europe,65655204
2016-01-01,United States ğŸ‡ºğŸ‡¸,Europe,327210200
2017-01-01,Bangladesh ğŸ‡§ğŸ‡©,Asia,161793970
2017-01-01,Brazil ğŸ‡§ğŸ‡·,Americas,208504960
2017-01-01,China ğŸ‡¨ğŸ‡³,Asia,1410276000
2017-01-01,France ğŸ‡«ğŸ‡·,Europe,64144092
2017-01-01,Germany ğŸ‡©ğŸ‡ª,Europe,82624370
2017-01-01,India ğŸ‡®ğŸ‡³,Asia,1354195700
2017-01-01,Indonesia ğŸ‡®ğŸ‡©,Asia,264498850
2017-01-01,Italy ğŸ‡®ğŸ‡¹,Europe,60004024
2017-01-01,Japan ğŸ‡¯ğŸ‡µ,Asia,126662460
2017-01-01,Russia ğŸ‡·ğŸ‡º,Europe,145452540
2017-01-01,United Kingdom ğŸ‡¬ğŸ‡§,Europe,66064810
2017-01-01,United States ğŸ‡ºğŸ‡¸,Europe,329791230
2018-01-01,Bangladesh ğŸ‡§ğŸ‡©,Asia,163683950
2018-01-01,Brazil ğŸ‡§ğŸ‡·,Americas,210166600
2018-01-01,China ğŸ‡¨ğŸ‡³,Asia,1417069400
2018-01-01,France ğŸ‡«ğŸ‡·,Europe,64277812
2018-01-01,Germany ğŸ‡©ğŸ‡ª,Europe,82896696
2018-01-01,India ğŸ‡®ğŸ‡³,Asia,1369003300
2018-01-01,Indonesia ğŸ‡®ğŸ‡©,Asia,267066850
2018-01-01,Italy ğŸ‡®ğŸ‡¹,Europe,59877430
2018-01-01,Japan ğŸ‡¯ğŸ‡µ,Asia,126255870
2018-01-01,Russia ğŸ‡·ğŸ‡º,Europe,145652290
2018-01-01,United Kingdom ğŸ‡¬ğŸ‡§,Europe,66432996
2018-01-01,United States ğŸ‡ºğŸ‡¸,Europe,332140030
2019-01-01,Bangladesh ğŸ‡§ğŸ‡©,Asia,165516220
2019-01-01,Brazil ğŸ‡§ğŸ‡·,Americas,211782880
2019-01-01,China ğŸ‡¨ğŸ‡³,Asia,1421864100
2019-01-01,France ğŸ‡«ğŸ‡·,Europe,64399760
2019-01-01,Germany ğŸ‡©ğŸ‡ª,Europe,83148140
2019-01-01,India ğŸ‡®ğŸ‡³,Asia,1383112100
2019-01-01,Indonesia ğŸ‡®ğŸ‡©,Asia,269582880
2019-01-01,Italy ğŸ‡®ğŸ‡¹,Europe,59727936
2019-01-01,Japan ğŸ‡¯ğŸ‡µ,Asia,125791680
2019-01-01,Russia ğŸ‡·ğŸ‡º,Europe,145742290
2019-01-01,United Kingdom ğŸ‡¬ğŸ‡§,Europe,66778660
2019-01-01,United States ğŸ‡ºğŸ‡¸,Europe,334319680
2020-01-01,Bangladesh ğŸ‡§ğŸ‡©,Asia,167420940
2020-01-01,Brazil ğŸ‡§ğŸ‡·,Americas,213196300
2020-01-01,China ğŸ‡¨ğŸ‡³,Asia,1424929800
2020-01-01,France ğŸ‡«ğŸ‡·,Europe,64480052
2020-01-01,Germany ğŸ‡©ğŸ‡ª,Europe,83328990
2020-01-01,India ğŸ‡®ğŸ‡³,Asia,1396387100
2020-01-01,Indonesia ğŸ‡®ğŸ‡©,Asia,271858000
2020-01-01,Italy ğŸ‡®ğŸ‡¹,Europe,59727936
2020-01-01,Japan ğŸ‡¯ğŸ‡µ,Asia,59500576
2020-01-01,Russia ğŸ‡·ğŸ‡º,Europe,145617330
2020-01-01,United Kingdom ğŸ‡¬ğŸ‡§,Europe,67059470
2020-01-01,United States ğŸ‡ºğŸ‡¸,Europe,335942000
2021-01-01,Bangladesh ğŸ‡§ğŸ‡©,Asia,169356240
2021-01-01,Brazil ğŸ‡§ğŸ‡·,Americas,214326220
2021-01-01,China ğŸ‡¨ğŸ‡³,Asia,1425893500
2021-01-01,France ğŸ‡«ğŸ‡·,Europe,64531450
2021-01-01,Germany ğŸ‡©ğŸ‡ª,Europe,83408560
2021-01-01,India ğŸ‡®ğŸ‡³,Asia,1407563900
2021-01-01,Indonesia ğŸ‡®ğŸ‡©,Asia,273753180
2021-01-01,Italy ğŸ‡®ğŸ‡¹,Europe,59240336
2021-01-01,Japan ğŸ‡¯ğŸ‡µ,Asia,124612530
2021-01-01,Russia ğŸ‡·ğŸ‡º,Europe,145102750
2021-01-01,United Kingdom ğŸ‡¬ğŸ‡§,Europe,67281040
2021-01-01,United States ğŸ‡ºğŸ‡¸,Europe,336997630